{
  "decision_tree": {
    "mse": 182.56401903413956,
    "r2_score": 0.8174825948031361
  },
  "logistic_regression": {
    "accuracy": 0.764
  }
}